{"cameraMode":{"drawMode":0,"name":"Shaded","section":"Shading Mode"},"sceneLighting":false,"audioPlay":false,"sceneViewState":{"showFog":true,"showMaterialUpdate":false,"showSkybox":false,"showFlares":true,"showImageEffects":true,"showParticleSystems":true},"in2DMode":false,"pivot":{"x":-5.146488189697266,"y":-1.757399559020996,"z":23.597808837890626},"rotation":{"x":-0.06925491243600846,"y":-0.005076269619166851,"z":0.0003469305520411581,"w":-0.9976066946983337},"size":14.679415702819825,"orthographic":false}