{"cameraMode":{"drawMode":0,"name":"Shaded","section":"Shading Mode"},"sceneLighting":false,"audioPlay":false,"sceneViewState":{"showFog":true,"showMaterialUpdate":false,"showSkybox":false,"showFlares":true,"showImageEffects":true,"showParticleSystems":true},"in2DMode":false,"pivot":{"x":-5.0655131340026859,"y":1.6066393852233887,"z":4.825814723968506},"rotation":{"x":0.014999452978372574,"y":0.0014996740501374007,"z":-0.000022372749299393035,"w":0.9998886585235596},"size":5.535369396209717,"orthographic":false}